<ImportExportXml xmlns:xsi="http://www.w3.org/2001/XMLSchema-instance">
  <Entities></Entities>
  <Roles></Roles>
  <Workflows></Workflows>
  <FieldSecurityProfiles></FieldSecurityProfiles>
  <Templates />
  <EntityMaps />
  <EntityRelationships />
  <OrganizationSettings />
  <optionsets />
  <CustomControls />
  <EntityDataProviders />
  <CanvasApps>
    <CanvasApp>
      <Name>rsi_rsilibraryv2_f54a3</Name>
      <AppVersion>2024-04-24T16:42:58Z</AppVersion>
      <Status>Ready</Status>
      <CreatedByClientVersion>3.24042.28.0</CreatedByClientVersion>
      <MinClientVersion>3.24042.28.0</MinClientVersion>
      <Tags>{"primaryDeviceWidth":"1136","primaryDeviceHeight":"640","supportsPortrait":"true","supportsLandscape":"true","primaryFormFactor":"Phone","showStatusBar":"false","publisherVersion":"3.24042.28","minimumRequiredApiVersion":"2.2.0","hasComponent":"true","hasUnlockedComponent":"true","isUnifiedRootApp":"false","sienaVersion":"20240424T071000Z-3.24042.28.0"}</Tags>
      <IsCdsUpgraded>0</IsCdsUpgraded>
      <GalleryItemId xsi:nil="true"></GalleryItemId>
      <BackgroundColor>RGBA(251,101,60,1)</BackgroundColor>
      <DisplayName>RSILibraryV2</DisplayName>
      <Description xsi:nil="true"></Description>
      <CommitMessage xsi:nil="true"></CommitMessage>
      <Publisher xsi:nil="true"></Publisher>
      <AuthorizationReferences>[]</AuthorizationReferences>
      <ConnectionReferences>{}</ConnectionReferences>
      <DatabaseReferences>{}</DatabaseReferences>
      <AppComponents>[{"appComponentName":"7a534a3fde604dd08a49ec29727e83d5","displayName":"SimpleScreenNavigator","appName":"590e4d3b-befb-4903-aaf0-38b777aa7c33","appVersion":"2024-04-24T16:42:58Z","appComponentLibraryLogicalName":"rsi_rsilibraryv2_f54a3","appDisplayName":"RSILibraryV2","environmentName":"f605fc0b-a287-e9bc-b746-245d8f603202","owner":{"id":"5d5a78f4-d699-4fe6-ae68-37b76f24c2f6","displayName":"Glen Rosenblatt","email":"GlenRosenblatt@2vh3wn.onmicrosoft.com","type":"User","tenantId":"14206ce9-6891-4c36-9154-60f99a0d9a47","userPrincipalName":"GlenRosenblatt@2vh3wn.onmicrosoft.com"},"allowCustomization":true,"createdOn":"2024-04-22T03:40:23.447Z","lastModifiedOn":"2024-04-24T07:38:30.02Z","connectionReferences":{},"databaseReferences":{}},{"appComponentName":"6fde1a9eca664af1940a09a294972eb1","displayName":"DynamicInputForm","appName":"590e4d3b-befb-4903-aaf0-38b777aa7c33","appVersion":"2024-04-24T16:42:58Z","appComponentLibraryLogicalName":"rsi_rsilibraryv2_f54a3","appDisplayName":"RSILibraryV2","environmentName":"f605fc0b-a287-e9bc-b746-245d8f603202","owner":{"id":"5d5a78f4-d699-4fe6-ae68-37b76f24c2f6","displayName":"Glen Rosenblatt","email":"GlenRosenblatt@2vh3wn.onmicrosoft.com","type":"User","tenantId":"14206ce9-6891-4c36-9154-60f99a0d9a47","userPrincipalName":"GlenRosenblatt@2vh3wn.onmicrosoft.com"},"allowCustomization":true,"createdOn":"2024-04-22T03:40:23.447Z","lastModifiedOn":"2024-04-24T07:38:30.02Z","connectionReferences":{},"databaseReferences":{}},{"appComponentName":"cbd88fd3258649d99870a68120f96b0b","displayName":"DynamicGalleryHTMLMenu","appName":"590e4d3b-befb-4903-aaf0-38b777aa7c33","appVersion":"2024-04-24T16:42:58Z","appComponentLibraryLogicalName":"rsi_rsilibraryv2_f54a3","appDisplayName":"RSILibraryV2","environmentName":"f605fc0b-a287-e9bc-b746-245d8f603202","owner":{"id":"5d5a78f4-d699-4fe6-ae68-37b76f24c2f6","displayName":"Glen Rosenblatt","email":"GlenRosenblatt@2vh3wn.onmicrosoft.com","type":"User","tenantId":"14206ce9-6891-4c36-9154-60f99a0d9a47","userPrincipalName":"GlenRosenblatt@2vh3wn.onmicrosoft.com"},"allowCustomization":true,"createdOn":"2024-04-22T03:40:23.447Z","lastModifiedOn":"2024-04-24T07:38:30.02Z","connectionReferences":{},"databaseReferences":{}},{"appComponentName":"cff6fba8d1c3458bb6faf6c6ea6016d9","displayName":"ModalPopUp","appName":"590e4d3b-befb-4903-aaf0-38b777aa7c33","appVersion":"2024-04-24T16:42:58Z","appComponentLibraryLogicalName":"rsi_rsilibraryv2_f54a3","appDisplayName":"RSILibraryV2","environmentName":"f605fc0b-a287-e9bc-b746-245d8f603202","owner":{"id":"5d5a78f4-d699-4fe6-ae68-37b76f24c2f6","displayName":"Glen Rosenblatt","email":"GlenRosenblatt@2vh3wn.onmicrosoft.com","type":"User","tenantId":"14206ce9-6891-4c36-9154-60f99a0d9a47","userPrincipalName":"GlenRosenblatt@2vh3wn.onmicrosoft.com"},"allowCustomization":true,"createdOn":"2024-04-22T03:40:23.447Z","lastModifiedOn":"2024-04-24T07:38:30.02Z","connectionReferences":{},"databaseReferences":{}},{"appComponentName":"a205cebbbfd747cb8630a16388a5f6d5","displayName":"SimpleGalleryMenu","appName":"590e4d3b-befb-4903-aaf0-38b777aa7c33","appVersion":"2024-04-24T16:42:58Z","appComponentLibraryLogicalName":"rsi_rsilibraryv2_f54a3","appDisplayName":"RSILibraryV2","environmentName":"f605fc0b-a287-e9bc-b746-245d8f603202","owner":{"id":"5d5a78f4-d699-4fe6-ae68-37b76f24c2f6","displayName":"Glen Rosenblatt","email":"GlenRosenblatt@2vh3wn.onmicrosoft.com","type":"User","tenantId":"14206ce9-6891-4c36-9154-60f99a0d9a47","userPrincipalName":"GlenRosenblatt@2vh3wn.onmicrosoft.com"},"allowCustomization":true,"createdOn":"2024-04-22T03:40:23.447Z","lastModifiedOn":"2024-04-24T07:38:30.02Z","connectionReferences":{},"databaseReferences":{}},{"appComponentName":"3b040942be9d4b6497e9a183f489fb66","displayName":"DynamicHeader","appName":"590e4d3b-befb-4903-aaf0-38b777aa7c33","appVersion":"2024-04-24T16:42:58Z","appComponentLibraryLogicalName":"rsi_rsilibraryv2_f54a3","appDisplayName":"RSILibraryV2","environmentName":"f605fc0b-a287-e9bc-b746-245d8f603202","owner":{"id":"5d5a78f4-d699-4fe6-ae68-37b76f24c2f6","displayName":"Glen Rosenblatt","email":"GlenRosenblatt@2vh3wn.onmicrosoft.com","type":"User","tenantId":"14206ce9-6891-4c36-9154-60f99a0d9a47","userPrincipalName":"GlenRosenblatt@2vh3wn.onmicrosoft.com"},"allowCustomization":true,"createdOn":"2024-04-22T03:40:23.447Z","lastModifiedOn":"2024-04-24T07:38:30.02Z","connectionReferences":{},"databaseReferences":{}}]</AppComponents>
      <AppComponentDependencies>[]</AppComponentDependencies>
      <CanConsumeAppPass>1</CanConsumeAppPass>
      <CanvasAppType>1</CanvasAppType>
      <BypassConsent>0</BypassConsent>
      <AdminControlBypassConsent>0</AdminControlBypassConsent>
      <EmbeddedApp xsi:nil="true"></EmbeddedApp>
      <IntroducedVersion>1.0</IntroducedVersion>
      <CdsDependencies>{"cdsdependencies":[]}</CdsDependencies>
      <IsCustomizable>1</IsCustomizable>
      <BackgroundImageUri>/CanvasApps/rsi_rsilibraryv2_f54a3_BackgroundImageUri</BackgroundImageUri>
      <DocumentUri>/CanvasApps/rsi_rsilibraryv2_f54a3_DocumentUri.msapp</DocumentUri>
      <AdditionalUris>
        <AdditionalUri>/CanvasApps/rsi_rsilibraryv2_f54a3_AdditionalUris0_identity.json</AdditionalUri>
      </AdditionalUris>
    </CanvasApp>
  </CanvasApps>
  <Languages>
    <Language>1033</Language>
  </Languages>
</ImportExportXml>