<ImportExportXml xmlns:xsi="http://www.w3.org/2001/XMLSchema-instance">
  <Entities></Entities>
  <Roles></Roles>
  <Workflows></Workflows>
  <FieldSecurityProfiles></FieldSecurityProfiles>
  <Templates />
  <EntityMaps />
  <EntityRelationships />
  <OrganizationSettings />
  <optionsets />
  <CustomControls />
  <EntityDataProviders />
  <CanvasApps>
    <CanvasApp>
      <Name>rsi_powerappcatsdemo_82208</Name>
      <AppVersion>2024-04-29T18:18:28Z</AppVersion>
      <Status>Ready</Status>
      <CreatedByClientVersion>3.24043.33.0</CreatedByClientVersion>
      <MinClientVersion>3.24043.33.0</MinClientVersion>
      <Tags>{"primaryDeviceWidth":"1366","primaryDeviceHeight":"768","supportsPortrait":"true","supportsLandscape":"true","primaryFormFactor":"Tablet","showStatusBar":"false","publisherVersion":"3.24043.33","minimumRequiredApiVersion":"2.2.0","hasComponent":"true","hasUnlockedComponent":"false","isUnifiedRootApp":"false","sienaVersion":"20240429T072409Z-3.24042.30.0"}</Tags>
      <IsCdsUpgraded>0</IsCdsUpgraded>
      <GalleryItemId xsi:nil="true"></GalleryItemId>
      <BackgroundColor>RGBA(0,176,240,1)</BackgroundColor>
      <DisplayName>PowerAppCATS Demo</DisplayName>
      <Description>Experience the future of business management with our PowerAppCATS Demo. This app is currently in initial development, but it promises to revolutionize the way you handle your business operations.</Description>
      <CommitMessage xsi:nil="true"></CommitMessage>
      <Publisher xsi:nil="true"></Publisher>
      <AuthorizationReferences>[]</AuthorizationReferences>
      <ConnectionReferences>{}</ConnectionReferences>
      <DatabaseReferences>{}</DatabaseReferences>
      <AppComponents>[]</AppComponents>
      <AppComponentDependencies>[{"appComponentName":"01279f98b6c244deb9ee45d6a4b4d106","appName":"b75e7ac7-53ab-43f1-9d12-051ea61d002a","appComponentLibraryName":"14fbf379-4e62-48fd-8511-a81fbbf5bc0c","appComponentLibraryVersion":"2024-04-29T18:09:16Z","appComponentLibraryLogicalName":"rsi_catslibrarymain_bf8cb","environmentName":"f605fc0b-a287-e9bc-b746-245d8f603202"}]</AppComponentDependencies>
      <CanConsumeAppPass>0</CanConsumeAppPass>
      <CanvasAppType>0</CanvasAppType>
      <BypassConsent>0</BypassConsent>
      <AdminControlBypassConsent>0</AdminControlBypassConsent>
      <EmbeddedApp xsi:nil="true"></EmbeddedApp>
      <IntroducedVersion>1.0</IntroducedVersion>
      <CdsDependencies>{"cdsdependencies":[{"logicalname":"rsi_catslibrarymain_bf8cb","componenttype":300,"componenttypeplatformname":"CanvasApp"}]}</CdsDependencies>
      <IsCustomizable>1</IsCustomizable>
      <BackgroundImageUri>/CanvasApps/rsi_powerappcatsdemo_82208_BackgroundImageUri</BackgroundImageUri>
      <DocumentUri>/CanvasApps/rsi_powerappcatsdemo_82208_DocumentUri.msapp</DocumentUri>
      <AdditionalUris>
        <AdditionalUri>/CanvasApps/rsi_powerappcatsdemo_82208_AdditionalUris0_identity.json</AdditionalUri>
      </AdditionalUris>
    </CanvasApp>
  </CanvasApps>
  <Languages>
    <Language>1033</Language>
  </Languages>
</ImportExportXml>