<ImportExportXml xmlns:xsi="http://www.w3.org/2001/XMLSchema-instance">
  <Entities></Entities>
  <Roles></Roles>
  <Workflows></Workflows>
  <FieldSecurityProfiles></FieldSecurityProfiles>
  <Templates />
  <EntityMaps />
  <EntityRelationships />
  <OrganizationSettings />
  <optionsets />
  <CustomControls />
  <EntityDataProviders />
  <CanvasApps>
    <CanvasApp>
      <Name>rsi_catslibrarymain_bf8cb</Name>
      <AppVersion>2024-04-29T19:15:47Z</AppVersion>
      <Status>Ready</Status>
      <CreatedByClientVersion>3.24042.30.0</CreatedByClientVersion>
      <MinClientVersion>3.24042.30.0</MinClientVersion>
      <Tags>{"primaryDeviceWidth":"640","primaryDeviceHeight":"640","supportsPortrait":"true","supportsLandscape":"true","primaryFormFactor":"Phone","showStatusBar":"false","publisherVersion":"3.24042.30","minimumRequiredApiVersion":"2.2.0","hasComponent":"true","hasUnlockedComponent":"true","isUnifiedRootApp":"false","sienaVersion":"20240429T180916Z-3.24042.30.0"}</Tags>
      <IsCdsUpgraded>0</IsCdsUpgraded>
      <GalleryItemId xsi:nil="true"></GalleryItemId>
      <BackgroundColor>RGBA(251,101,60,1)</BackgroundColor>
      <DisplayName>CATSLibraryMain</DisplayName>
      <Description xsi:nil="true"></Description>
      <CommitMessage xsi:nil="true"></CommitMessage>
      <Publisher></Publisher>
      <AuthorizationReferences>[]</AuthorizationReferences>
      <ConnectionReferences>{}</ConnectionReferences>
      <DatabaseReferences>{}</DatabaseReferences>
      <AppComponents>[{"appComponentName":"01279f98b6c244deb9ee45d6a4b4d106","displayName":"CATCanvas","appName":"14fbf379-4e62-48fd-8511-a81fbbf5bc0c","appVersion":"2024-04-29T19:15:47Z","appComponentLibraryLogicalName":"rsi_catslibrarymain_bf8cb","appDisplayName":"CATSLibraryMain","environmentName":"f605fc0b-a287-e9bc-b746-245d8f603202","owner":{"id":"5d5a78f4-d699-4fe6-ae68-37b76f24c2f6","displayName":"Glen Rosenblatt","email":"GlenRosenblatt@2vh3wn.onmicrosoft.com","type":"User","tenantId":"14206ce9-6891-4c36-9154-60f99a0d9a47","userPrincipalName":"GlenRosenblatt@2vh3wn.onmicrosoft.com"},"allowCustomization":false,"createdOn":"2024-04-27T01:46:29.453Z","lastModifiedOn":"2024-04-29T19:00:01.04Z","connectionReferences":{},"databaseReferences":{}}]</AppComponents>
      <AppComponentDependencies>[]</AppComponentDependencies>
      <CanConsumeAppPass>0</CanConsumeAppPass>
      <CanvasAppType>1</CanvasAppType>
      <BypassConsent>0</BypassConsent>
      <AdminControlBypassConsent>0</AdminControlBypassConsent>
      <EmbeddedApp xsi:nil="true"></EmbeddedApp>
      <IntroducedVersion>1.0</IntroducedVersion>
      <CdsDependencies>{"cdsdependencies":[]}</CdsDependencies>
      <IsCustomizable>1</IsCustomizable>
      <BackgroundImageUri>/CanvasApps/rsi_catslibrarymain_bf8cb_BackgroundImageUri</BackgroundImageUri>
      <DocumentUri>/CanvasApps/rsi_catslibrarymain_bf8cb_DocumentUri.msapp</DocumentUri>
      <AdditionalUris>
        <AdditionalUri>/CanvasApps/rsi_catslibrarymain_bf8cb_AdditionalUris0_identity.json</AdditionalUri>
      </AdditionalUris>
    </CanvasApp>
  </CanvasApps>
  <Languages>
    <Language>1033</Language>
  </Languages>
</ImportExportXml>